{"cameraMode":{"drawMode":0,"name":"Shaded","section":"Shading Mode"},"sceneLighting":true,"audioPlay":false,"sceneViewState":{"showFog":true,"showMaterialUpdate":false,"showSkybox":true,"showFlares":true,"showImageEffects":true,"showParticleSystems":true},"in2DMode":false,"pivot":{"x":-7.909999847412109,"y":0.550000011920929,"z":-0.12999999523162843},"rotation":{"x":0.11244606226682663,"y":-0.5605965852737427,"z":0.07717713713645935,"w":0.8167818784713745},"size":3.6092934608459474,"orthographic":false}