{"cameraMode":{"drawMode":0,"name":"Shaded","section":"Shading Mode"},"sceneLighting":true,"audioPlay":false,"sceneViewState":{"showFog":true,"showMaterialUpdate":false,"showSkybox":true,"showFlares":true,"showImageEffects":true,"showParticleSystems":true},"in2DMode":false,"pivot":{"x":-0.8242282867431641,"y":0.7946548461914063,"z":1.4913126230239869},"rotation":{"x":0.0109312254935503,"y":-0.98163241147995,"z":0.18106025457382203,"w":0.05925968289375305},"size":7.412021160125732,"orthographic":true}