{"cameraMode":{"drawMode":0,"name":"Shaded","section":"Shading Mode"},"sceneLighting":false,"audioPlay":false,"sceneViewState":{"showFog":true,"showMaterialUpdate":false,"showSkybox":false,"showFlares":true,"showImageEffects":true,"showParticleSystems":true},"in2DMode":false,"pivot":{"x":0.0,"y":4.889999866485596,"z":1.4913126230239869},"rotation":{"x":-0.14210811257362367,"y":-0.854713499546051,"z":0.31092938780784609,"w":-0.39065125584602358},"size":3.4678518772125246,"orthographic":true}